<?xml version="1.0" encoding="UTF-8"?>
<project-private xmlns="http://www.netbeans.org/ns/project-private/1">
    <editor-bookmarks xmlns="http://www.netbeans.org/ns/editor-bookmarks/2" lastBookmarkId="0"/>
    <open-files xmlns="http://www.netbeans.org/ns/projectui-open-files/2">
        <group>
            <file>file:/C:/Users/faizu/Documents/NetBeansProjects/DigitalAgriculture/src/digitalagriculture/Paddy.java</file>
            <file>file:/C:/Users/faizu/Documents/NetBeansProjects/DigitalAgriculture/src/digitalagriculture/AdminReg.java</file>
            <file>file:/C:/Users/faizu/Documents/NetBeansProjects/DigitalAgriculture/src/digitalagriculture/UserReg.java</file>
            <file>file:/C:/Users/faizu/Documents/NetBeansProjects/DigitalAgriculture/src/digitalagriculture/Jute.java</file>
            <file>file:/C:/Users/faizu/Documents/NetBeansProjects/DigitalAgriculture/src/digitalagriculture/Guava.java</file>
            <file>file:/C:/Users/faizu/Documents/NetBeansProjects/DigitalAgriculture/src/digitalagriculture/Agriculture.java</file>
            <file>file:/C:/Users/faizu/Documents/NetBeansProjects/DigitalAgriculture/src/digitalagriculture/Sugercane.java</file>
            <file>file:/C:/Users/faizu/Documents/NetBeansProjects/DigitalAgriculture/src/digitalagriculture/Wheat.java</file>
            <file>file:/C:/Users/faizu/Documents/NetBeansProjects/DigitalAgriculture/src/digitalagriculture/AdminDetails.java</file>
            <file>file:/C:/Users/faizu/Documents/NetBeansProjects/DigitalAgriculture/src/digitalagriculture/DigitalAgriculture.java</file>
            <file>file:/C:/Users/faizu/Documents/NetBeansProjects/DigitalAgriculture/src/digitalagriculture/TypesOfCrops.java</file>
            <file>file:/C:/Users/faizu/Documents/NetBeansProjects/DigitalAgriculture/src/digitalagriculture/Mango.java</file>
            <file>file:/C:/Users/faizu/Documents/NetBeansProjects/DigitalAgriculture/src/digitalagriculture/LogIn.java</file>
            <file>file:/C:/Users/faizu/Documents/NetBeansProjects/DigitalAgriculture/src/digitalagriculture/Watermelon.java</file>
            <file>file:/C:/Users/faizu/Documents/NetBeansProjects/DigitalAgriculture/src/digitalagriculture/TypesOfFruits.java</file>
        </group>
    </open-files>
</project-private>
